idema	name	province	latitude	longitude	altitude
B013X	Escorca, Lluc	Illes Balears	39.82333333333334	2.8858333333333333	490
B051A	Sóller, Puerto	Illes Balears	39.79555555555555	2.691388888888889	5
B087X	Banyalbufar	Illes Balears	39.689166666666665	2.512777777777778	60
B103B	Andratx - Sant Elm	Illes Balears	39.57944444444445	2.368888888888889	52
B158X	Calvià, Es Capdellà	Illes Balears	39.55138888888889	2.466388888888889	50
B228	Palma, Puerto	Illes Balears	39.55416666666667	2.625277777777778	3
B236C	Palma, Universitat	Illes Balears	39.64222222222222	2.6438888888888887	95
B248	Sierra De Alfabia, Bunyola	Illes Balears	39.735	2.7130555555555556	1030
B275E	Son Bonet, Aeropuerto	Baleares	39.60583333333334	2.706666666666667	49
B278	Palma De Mallorca, Aeropuerto	Baleares	39.56083333333333	2.736666666666667	8
B301	Llucmajor, Cap Blanc	Illes Balears	39.37972222222222	2.7849999999999997	113
B334X	Llucmajor	Illes Balears	39.495555555555555	2.8916666666666666	140
B341X	Porreres	Illes Balears	39.50611111111111	3.0055555555555555	149
B346X	Porreres	Illes Balears	39.52166666666667	3.0191666666666666	120
B362X	Campos, Can Sion	Illes Balears	39.405833333333334	3.0641666666666665	40
B373X	Campos, Salines Llevant	Illes Balears	39.35111111111111	3.0119444444444445	3
B398A	Cabrera, Parque Nacional De Cabrera	Illes Balears	39.135555555555555	2.936666666666667	165
B410B	Santanyí	Illes Balears	39.34	3.1458333333333335	45
B434X	Portocolom  	Illes Balears	39.41444444444444	3.2716666666666665	17
B496X	Son Servera	Illes Balears	39.63027777777778	3.383611111111111	25
B526X	Artà	Illes Balears	39.68861111111111	3.3511111111111114	110
B569X	Capdepera	Illes Balears	39.71666666666667	3.4780555555555557	57
B603X	Artà-Colònia De Sant Pere	Illes Balears	39.723055555555554	3.278611111111111	99
B605X	Muro, S'Albufera	Illes Balears	39.79666666666667	3.104722222222222	2
B614E	Manacor	Illes Balears	39.55694444444444	3.217777777777778	100
B640X	Petra	Illes Balears	39.61638888888889	3.121111111111111	95
B644B	Sineu	Illes Balears	39.64333333333333	3.002222222222222	120
B656A	Santa María Del Camí	Illes Balears	39.652499999999996	2.8002777777777776	121
B662X	Binissalem	Illes Balears	39.67805555555555	2.8738888888888887	105
B684A	Escorca, Son Torrella	Illes Balears	39.79277777777778	2.7877777777777775	842
B691	La Puebla (Sa Canova)	Baleares	39.748333333333335	3.015277777777778	40
B691Y	Sa Pobla	Illes Balears	39.74916666666667	3.0166666666666666	40
B760X	Pollença	Illes Balears	39.87694444444445	3.0241666666666664	45
B780X	Port De Pollença	Illes Balears	39.909444444444446	3.100277777777778	2
B800X	La Mola, Maó	Illes Balears	39.876111111111115	4.323888888888889	78
B825B	Es Mercadal	Illes Balears	39.99055555555556	4.086388888888888	80
B860X	Ciutadella	Illes Balears	39.99277777777778	3.853888888888889	20
B870C	Ciutadella, Cala Galdana	Illes Balears	39.94472222222222	3.956666666666667	43
B893	Menorca, Aeropuerto	Baleares	39.85472222222222	4.2155555555555555	91
B908X	Sant Joan De Labritja	Illes Balears	39.05611111111111	1.4925000000000002	110
B925	Sant Antoni De Portmany	Illes Balears	38.963055555555556	1.321388888888889	32
B954	Ibiza, Aeropuerto	Illes Balears	38.87638888888889	1.3844444444444444	6
B957	Eivissa	Illes Balears	38.922777777777775	1.4413888888888888	3
B986	Formentera	Illes Balears	38.69361111111111	1.463611111111111	24
C018J	Tías	Las Palmas	28.96972222222222	-13.690277777777778	376
C019V	Yaiza Playa Blanca	Las Palmas	28.85888888888889	-13.835	6
C029O	Lanzarote Aeropuerto	Las Palmas	28.951944444444443	-13.600277777777777	14
C038N	Haría	Las Palmas	29.14361111111111	-13.489166666666666	277
C048W	Tinajo	Las Palmas	29.0425	-13.680833333333332	275
C101A	Roque De Los Muchachos	Sta. Cruz De Tenerife	28.75583333333333	-17.89527777777778	2223
C117A	Puntagorda	Sta. Cruz De Tenerife	28.760555555555555	-17.985555555555557	684
C117Z	Tijarafe	Sta. Cruz De Tenerife	28.674722222222222	-17.936666666666667	733
C126A	El Paso	Sta. Cruz De Tenerife	28.653888888888886	-17.853055555555557	844
C129V	Fuencaliente	Sta. Cruz De Tenerife	28.455	-17.84111111111111	19
C129Z	Tazacorte	Sta. Cruz De Tenerife	28.59583333333333	-17.915277777777778	62
C139E	La Palma Aeropuerto	Santa Cruz De Tenerife	28.633055555555558	-17.755	33
C148F	San Andrés Y Sauces	Sta. Cruz De Tenerife	28.804722222222225	-17.78222222222222	362
C229J	Pájara	Las Palmas	28.049166666666668	-14.358055555555556	15
C239N	Tuineje,Puerto Gran Tarajal	Las Palmas	28.20861111111111	-14.023055555555556	1
C248E	Antigua	Las Palmas	28.416944444444447	-14.019166666666667	252
C249I	Fuerteventura Aeropuerto	Las Palmas	28.44472222222222	-13.863055555555555	25
C258K	La Oliva	Las Palmas	28.6125	-13.931666666666667	217
C314Z	Vallehermoso, Alto Igualero  	Sta. Cruz De Tenerife	28.106944444444444	-17.249166666666667	1474
C316I	Arure	Sta. Cruz De Tenerife	28.128333333333334	-17.315	916
C317B	Agulo	Sta. Cruz De Tenerife	28.17888888888889	-17.213055555555556	765
C319W	Vallehermoso, Dama	Sta. Cruz De Tenerife	28.054166666666667	-17.30638888888889	190
C328W	Hermigua	Sta. Cruz De Tenerife	28.16361111111111	-17.194166666666668	252
C329B	La Gomera, Aeropuerto	Sta. Cruz De Tenerife	28.031666666666666	-17.210833333333333	219
C329Z	San Sebastián De La Gomera	Sta. Cruz De Tenerife	28.08972222222222	-17.11138888888889	15
C406G	La Orotava, Cañadas Teide	Sta. Cruz De Tenerife	28.224166666666665	-16.62611111111111	2150
C412N	Citfagro_89_Chavao	Sta. Cruz De Tenerife	28.21972222222222	-16.705277777777777	2071
C415A	Citfagro_64_Hoyos	Sta. Cruz De Tenerife	28.30527777777778	-16.805555555555557	990
C417J	Citfagro_74_Chio	Sta. Cruz De Tenerife	28.233333333333334	-16.789166666666667	735
C418I	Citfagro_05_Guiaiso1	Sta. Cruz De Tenerife	28.214444444444442	-16.789722222222224	476
C418L	Citfagro_76_Pozo	Sta. Cruz De Tenerife	28.200277777777778	-16.763055555555557	700
C419L	Lomo Del Balo	Sta. Cruz De Tenerife	28.206944444444442	-16.791944444444447	403
C419X	Adeje	Sta. Cruz De Tenerife	28.08138888888889	-16.710555555555555	130
C422A	Citfagro_94_Lostopos	Sta. Cruz De Tenerife	28.171944444444446	-16.65138888888889	1833
C423R	Citfagro_90_Picacho	Sta. Cruz De Tenerife	28.224166666666665	-16.52111111111111	1654
C426E	Citfagro_13_Vilaflor	Sta. Cruz De Tenerife	28.144166666666667	-16.628055555555555	1258
C426I	Citfagro_77_Pinal	Sta. Cruz De Tenerife	28.126944444444444	-16.605833333333333	880
C426R	Citfagro_09_Helecho	Sta. Cruz De Tenerife	28.216944444444444	-16.490555555555556	930
C428T	Arico	Sta. Cruz De Tenerife	28.180833333333336	-16.48333333333333	418
C428U	Citfagro_01_Arico	Sta. Cruz De Tenerife	28.13111111111111	-16.472499999999997	135
C429I	Tenerife Sur Aeropuerto	Santa Cruz De Tenerife	28.046944444444446	-16.561111111111114	64
C430E	Izaña	Santa Cruz De Tenerife	28.308333333333334	-16.499722222222225	2369
C436I	Citfagro_54_Toponegro	Sta. Cruz De Tenerife	28.32638888888889	-16.405555555555555	290
C436L	Citfagro_96_Araya	Sta. Cruz De Tenerife	28.370555555555555	-16.3975	525
C437E	Citfagro_81_Mena	Sta. Cruz De Tenerife	28.26972222222222	-16.419722222222223	500
C438N	Candelaria	Sta. Cruz De Tenerife	28.359166666666667	-16.401666666666664	463
C439J	Güímar	Santa Cruz De Tenerife	28.31833333333333	-16.38222222222222	115
C446G	San Cristóbal De La Laguna,Llano De Los Loros	Sta. Cruz De Tenerife	28.52638888888889	-16.280277777777776	868
C447A	Tenerife Norte Aeropuerto	Santa Cruz De Tenerife	28.4775	-16.329444444444444	632
C448C	Citfagro_92_Santacruz	Sta. Cruz De Tenerife	28.4625	-16.273333333333333	136
C449C	Sta.Cruz De Tenerife	Santa Cruz De Tenerife	28.46333333333333	-16.255277777777778	36
C449F	Anaga 	Sta. Cruz De Tenerife	28.508055555555554	-16.195555555555554	19
C449Q	Citfagro_97_Taganana	Sta. Cruz De Tenerife	28.560000000000002	-16.228055555555553	305
C453I	Citfagro_88_Gaitero	Sta. Cruz De Tenerife	28.39472222222222	-16.433333333333334	1744
C455M	Citfagro_87_Aguamansa	Sta. Cruz De Tenerife	28.361666666666668	-16.496944444444445	1065
C456E	Citfagro_10_Ravelo	Sta. Cruz De Tenerife	28.453888888888887	-16.40861111111111	922
C456P	Citfagro_70_Benijo	Sta. Cruz De Tenerife	28.36138888888889	-16.546666666666667	906
C456R	Citfagro_69_Suerte	Sta. Cruz De Tenerife	28.372777777777777	-16.541944444444447	551
C457E	Citfagro_67_Matanza	Sta. Cruz De Tenerife	28.449444444444445	-16.438055555555557	650
C457I	La Victoria De Acentejo	Sta. Cruz De Tenerife	28.434444444444445	-16.454444444444444	567
C458A	Tacoronte	Sta. Cruz De Tenerife	28.49638888888889	-16.42	310
C458U	Citfagro_71_Palob	Sta. Cruz De Tenerife	28.36861111111111	-16.578055555555554	595
C459Z	Puerto De La Cruz	Sta. Cruz De Tenerife	28.418055555555558	-16.548333333333336	25
C466O	Citfagro_91_Cubo	Sta. Cruz De Tenerife	28.339166666666664	-16.794444444444448	878
C467I	Citfagro_73_Redon	Sta. Cruz De Tenerife	28.353333333333335	-16.708333333333332	525
C468I	Citfagro_98_Eldrago	Sta. Cruz De Tenerife	28.366944444444446	-16.72222222222222	218
C468O	Citfagro_62_Trigo	Sta. Cruz De Tenerife	28.356944444444444	-16.80138888888889	450
C468X	San Juan De La Rambla	Sta. Cruz De Tenerife	28.373055555555556	-16.625833333333333	667
C611E	Vega De San Mateo	Las Palmas	27.976666666666667	-15.58388888888889	1702
C612F	Tejeda, Cruz De Tejeda	Las Palmas	28.006944444444443	-15.59888888888889	1514
C614H	Tejeda	Las Palmas	27.995	-15.615833333333333	1060
C619I	La Aldea De San Nicolás	Las Palmas	28.000833333333333	-15.81388888888889	10
C619X	Agaete	Las Palmas	28.101111111111113	-15.712777777777777	5
C619Y	La Aldea De San Nicolás	Las Palmas	28.00111111111111	-15.807500000000001	13
C623I	San Bartolome Tirajana, Cuevas Del Pinar	Las Palmas	27.92666666666667	-15.599722222222223	1220
C625O	San Bartolome Tirajana, Lomo Pedro Alfonso	Las Palmas	27.856944444444444	-15.645	806
C628B	La Aldea De San Nicolás, Tasarte	Las Palmas	27.90888888888889	-15.770000000000001	318
C629Q	Mogán, Puerto Rico	Las Palmas	27.779999999999998	-15.71111111111111	10
C629X	Mogán, Puerto	Las Palmas	27.81638888888889	-15.764166666666666	10
C635B	San Bartolome Tirajana, Las Tirajanas	Las Palmas	27.92	-15.574166666666667	960
C639M	Maspalomas, C. Insular Turismo 	Las Palmas	27.758055555555554	-15.575555555555555	45
C639U	San Bartolome Tirajana, El Matorral	Las Palmas	27.8125	-15.453055555555554	41
C648C	Agüimes	Las Palmas	27.9025	-15.453888888888889	306
C648N	Telde, Centro Forestal Doramas	Las Palmas	27.9875	-15.457777777777777	344
C649I	Gran Canaria Aeropuerto	Las Palmas	27.91777777777778	-15.395277777777777	24
C649R	Telde, Melenara	Las Palmas	27.986666666666668	-15.377777777777778	9
C656V	Teror	Las Palmas	28.075277777777778	-15.547222222222222	683
C658L	Las Palmas De G.C. (Tafira Cmt)	Las Palmas	28.075	-15.450833333333332	269
C658X	Las Palmas De Gran Canaria, Tafira	Las Palmas	28.078055555555554	-15.453333333333333	269
C659H	Las Palmas De Gran Canaria, San Cristobal	Las Palmas	28.08972222222222	-15.416111111111112	55
C659M	Las Palmas De Gran Canaria, Pl. De La Feria	Las Palmas	28.113055555555558	-15.421388888888888	15
C665T	Valleseco	Las Palmas	28.065555555555555	-15.565555555555557	900
C668V	Agaete - Suerte Alta	Las Palmas	28.094444444444445	-15.674999999999999	352
C669B	Arucas	Las Palmas	28.141666666666666	-15.506666666666666	86
C689E	Maspalomas	Las Palmas	27.735833333333336	-15.595833333333333	6
C839I	Teguise	Las Palmas	29.231944444444444	-13.501944444444444	10
C839X	La Graciosa	Las Palmas	29.22972222222222	-13.510277777777778	19
C916Q	El Pinar, Depósito	Sta. Cruz De Tenerife	27.718888888888888	-17.978055555555553	948
C917E	El Pinar, La Dehesa	Sta. Cruz De Tenerife	27.725277777777777	-18.115000000000002	713
C919K	Tacoron-Lapillas-Tortuga	Sta. Cruz De Tenerife	27.665277777777778	-18.01861111111111	98
C925F	San Andrés, Valverde	Sta. Cruz De Tenerife	27.76888888888889	-17.960277777777776	1070
C928I	Valverde	Sta. Cruz De Tenerife	27.810833333333335	-17.919444444444444	670
C929I	Hierro Aeropuerto	Santa Cruz De Tenerife	27.81888888888889	-17.88888888888889	32
C939T	Frontera, Sabinosa	Sta. Cruz De Tenerife	27.75638888888889	-18.1075	20
0002I	Vandellòs  	Tarragona	40.95805555555556	0.8713888888888889	32
0009X	Alforja	Tarragona	41.21388888888889	0.9633333333333333	406
0016A	Reus Aeropuerto	Tarragona	41.14972222222222	1.1788888888888889	71
0016B	Reus (Centre Lectura)	Tarragona	41.15416666666667	1.108888888888889	118
0034X	Valls	Tarragona	41.293055555555554	1.2608333333333333	233
0042Y	Tarragona 	Tarragona	41.12388888888889	1.2491666666666668	55
0061X	Pontons	Barcelona	41.41694444444444	1.5191666666666666	632
0066X	Vilafranca Del Penedès	Barcelona	41.33027777777778	1.6769444444444443	177
0073X	Sitges	Barcelona	41.24388888888889	1.8525	58
0076	Barcelona Aeropuerto	Barcelona	41.29277777777778	2.0700000000000003	4
0092X	Berga	Barcelona	42.10138888888889	1.8575000000000002	682
0106X	Balsareny	Barcelona	41.86638888888889	1.8725	361
0114X	Prats De Lluçanès	Barcelona	42.00694444444444	2.0266666666666664	700
0120X	Moià	Barcelona	41.81333333333333	2.095277777777778	742
0149D	Manresa (La Culla)	Barcelona	41.72	1.840277777777778	291
0149X	Manresa	Barcelona	41.72	1.840277777777778	291
0158O	Montserrat	Barcelona	41.59444444444445	1.8391666666666668	738
0158X	Monistrol De Montserrat	Barcelona	41.59444444444445	1.8391666666666668	738
0171X	Igualada	Barcelona	41.57888888888889	1.6177777777777778	313
0194D	Corbera, Pic D'Agulles	Barcelona	41.408055555555556	1.885	647
0200E	Barcelona, Fabra	Barcelona	41.41833333333333	2.1241666666666665	408
0201D	Barcelona, Port Olímpic	Barcelona	41.39055555555556	2.2	26
0201X	Barcelona, Drassanes	Barcelona	41.375	2.1738888888888885	11
0222X	Caldes De Montbui	Barcelona	41.61277777777778	2.168333333333333	175
0229I	Sabadell Aeropuerto	Barcelona	41.52361111111111	2.1030555555555557	146
0244X	Vilassar De Dalt	Barcelona	41.505	2.3625000000000003	56
0252D	Arenys De Mar	Barcelona	41.58722222222222	2.54	74
0255B	Santa Susanna	Barcelona	41.65083333333333	2.6969444444444446	40
0260X	Fogars De Montclús	Barcelona	41.76	2.431111111111111	936
0281Y	Blanes	Girona	41.676944444444445	2.8049999999999997	45
0284X	Castell, Platja D'Aro 	Girona	41.80777777777777	3.0308333333333333	14
0294B	La Bisbal (D'Emporda 3)	Girona	41.967777777777776	3.042222222222222	51
0312X	Sant Pau De Segúries	Girona	42.25833333333333	2.3644444444444446	851
0320I	Planoles	Girona	42.316944444444445	2.102777777777778	1151
0321	Campdevanol	Girona	42.22277777777778	2.167222222222222	731
0324A	Ripoll	Girona	42.19138888888889	2.196111111111111	675
0341	Tona (Escola)	Barcelona	41.84666666666667	2.2266666666666666	611
0341X	Tona	Barcelona	41.846944444444446	2.2225	607
0349	Sant Julià  De Vilatorta	Barcelona	41.92611111111111	2.3175	578
0360X	Les Planes D'Hostoles	Girona	42.05277777777778	2.551111111111111	337
0363X	Sant Hilari	Girona	41.880833333333335	2.513333333333333	810
0367	Girona Aeropuerto	Girona	41.91166666666666	2.763333333333333	143
0370B	Girona, Antic Institut	Girona	41.980000000000004	2.8252777777777776	95
0370E	Girona	Girona	41.97222222222222	2.819444444444444	76
0372C	Porqueres	Girona	42.10444444444445	2.763611111111111	157
0385X	L'Estartit	Girona	42.053888888888885	3.2013888888888893	1
0394X	La Vall De Bianya	Girona	42.21055555555556	2.4719444444444445	350
0411X	Castelló D'Empúries	Girona	42.224722222222226	3.093055555555556	2
0413A	Maçanet De Cabrenys	Girona	42.386944444444445	2.7555555555555555	355
0421E	Espolla 'Les Alberes'	Girona	42.39	3.006111111111111	100
0421X	Espolla	Girona	42.39	3.006111111111111	100
0429X	Figueres	Girona	42.259166666666665	2.960277777777778	45
0433D	Cabo De Creus	Girona	42.31916666666667	3.3155555555555556	75
1002Y	Baztan, Irurita 	Navarra	43.13583333333333	-1.5430555555555554	183
1010X	Bera	Navarra	43.27861111111111	-1.6758333333333333	54
1012P	Irun	Gipuzkoa	43.32638888888889	-1.7966666666666666	120
1014	Hondarribia, Malkarroa	Gipuzkoa	43.356944444444444	-1.7922222222222222	4
1014A	Donostia / San Sebastián Aeropuerto	Gipuzkoa	43.356944444444444	-1.7922222222222222	4
1021X	Errenteria, Añarbe	Gipuzkoa	43.21388888888889	-1.8788888888888888	165
1021Y	Articutza (Automatica)	Navarra	43.21222222222222	-1.7977777777777777	305
1024E	Donostia / San Sebastián, Igeldo	Gipuzkoa	43.30638888888888	-2.041111111111111	250
1025A	Segura	Gipuzkoa	43.01555555555556	-2.256666666666667	255
1025X	Beasain, Arriaran	Gipuzkoa	43.05472222222222	-2.2319444444444447	255
1026X	Ordizia	Gipuzkoa	43.058055555555555	-2.1841666666666666	290
1033X	Areso	Navarra	43.085	-1.9508333333333332	520
1037X	Legazpi	Gipuzkoa	43.05166666666666	-2.3372222222222225	460
1037Y	Zumarraga	Gipuzkoa	43.080000000000005	-2.3175	420
1038X	Azpeitia	Gipuzkoa	43.1725	-2.2672222222222222	180
1041A	Zumaia	Gipuzkoa	43.30222222222222	-2.2511111111111113	28
1044X	Aramaio, Etxaguen	Araba/Alava	43.05777777777777	-2.5897222222222225	617
1048X	Aretxabaleta	Gipuzkoa	43.025	-2.4658333333333333	308
1049N	Elgeta	Gipuzkoa	43.138333333333335	-2.4958333333333336	470
1050J	Elgoibar	Gipuzkoa	43.20916666666667	-2.413333333333333	119
1052A	Mutriku	Gipuzkoa	43.31722222222223	-2.397222222222222	150
1055B	Lekeitio	Bizkaia	43.37694444444445	-2.5102777777777776	12
1056K	Forua	Bizkaia	43.3425	-2.6711111111111108	45
1057B	Matxitxako	Bizkaia	43.45388888888889	-2.7527777777777778	93
1059X	Punta Galea	Bizkaia	43.375	-3.0216666666666665	81
1060X	Amurrio	Araba/Alava	43.05027777777777	-3.0055555555555555	240
1064L	Orozko, Ibarra	Bizkaia	43.09638888888889	-2.8602777777777777	270
1069Y	Abadiño, Urkiola	Bizkaia	43.09916666666667	-2.6441666666666666	747
1074C	Amorebieta-Etxano	Bizkaia	43.20277777777778	-2.7061111111111114	100
1078C	Balmaseda	Bizkaia	43.18055555555555	-3.2097222222222226	210
1078I	Güeñes	Bizkaia	43.20333333333333	-3.104722222222222	208
1082	Bilbao Aeropuerto	Bizkaia	43.29805555555556	-2.906388888888889	42
1083B	Sopuerta	Bizkaia	43.27972222222222	-3.168611111111111	177
1083L	Castro Urdiales	Cantabria	43.39472222222222	-3.233888888888889	45
1089U	Ramales De La Victoria	Cantabria	43.255833333333335	-3.4708333333333337	80
1096X	Barcena De Cicero, Treto	Cantabria	43.39666666666667	-3.4697222222222224	10
1103X	San Roque De Riomiera	Cantabria	43.2275	-3.721111111111111	849
1109	Santander Aeropuerto	Cantabria	43.42388888888889	-3.8255555555555554	3
1109X	Santander Aeropuerto	Cantabria	43.42861111111111	-3.8313888888888887	3
1110	Santander, Ciudad	Cantabria	43.465	-3.8188888888888886	64
1111	Santander	Cantabria	43.49111111111111	-3.8005555555555555	52
1111X	Santander	Cantabria	43.49111111111111	-3.8005555555555555	51
1124E	Villacarriedo	Cantabria	43.245555555555555	-3.8494444444444444	196
1135C	Los Tojos, Bárcena Mayor	Cantabria	43.14694444444444	-4.214166666666667	460
1152C	San Felices De Buelna	Cantabria	43.27194444444444	-4.048611111111111	105
1154H	Torrelavega, Sierrapando	Cantabria	43.35861111111111	-4.0275	110
1159	San Vicente De La Barquera	Cantabria	43.39333333333333	-4.392222222222222	38
1167B	Camaleño, Fuente De	Cantabria	43.14388888888889	-4.812777777777778	1100
1167G	Mirador Del Cable, Parque Nacional Picos De Europa	Cantabria	43.155	-4.803055555555555	1910
1167J	Coriscao, Parque Nacional Picos De Europa	Cantabria	43.08916666666667	-4.773888888888889	1722
1174I	Cillórigo De Liébana, Tama	Cantabria	43.18277777777777	-4.601666666666667	250
1176A	Tresviso	Cantabria	43.255833333333335	-4.668333333333334	940
1178R	Sotres, Parque Nacional Picos De Europa	Asturias	43.237500000000004	-4.736666666666666	1236
1178Y	Posada De Valdeón, Soto 	Leon	43.14527777777778	-4.931666666666667	953
1179B	Cabrales	Asturias	43.31111111111111	-4.852777777777778	458
1183X	Llanes	Asturias	43.42027777777778	-4.748055555555555	10
1186P	Amieva, Panizales	Asturias	43.266666666666666	-5.119166666666667	370
1199X	Piloña, Bargaéu	Asturias	43.37777777777778	-5.396666666666667	280
1203D	Colunga	Asturias	43.492222222222225	-5.247222222222223	30
1207U	Gijón, Campus	Asturias	43.52305555555555	-5.621111111111111	26
1208	Gijón	Asturias	43.538888888888884	-5.637499999999999	3
1208A	Gijón. La Merced	Asturias	43.541666666666664	-5.661944444444445	22
1208H	Gijón, Puerto	Asturias	43.55972222222222	-5.700833333333334	5
1210X	Cabo Peñas	Asturias	43.655833333333334	-5.8486111111111105	100
1212E	Asturias Aeropuerto	Asturias	43.566944444444445	-6.0441666666666665	127
1221D	Pajares-Valgrande	Asturias	42.978611111111114	-5.776388888888889	1480
1223P	Lena, Ronzón	Asturias	43.132777777777775	-5.822777777777778	370
1226X	Aller, Felechosa	Asturias	43.09527777777778	-5.476944444444444	750
1234P	Mieres, Baiña	Asturias	43.275	-5.819166666666667	170
1249I	Oviedo	Asturias	43.35333333333333	-5.874166666666667	336
1249X	Oviedo	Asturias	43.35333333333333	-5.87388888888889	334
1272B	Tineo, Soutu	Asturias	43.290277777777774	-6.386666666666667	280
1276F	Pola De Somiedo	Asturias	43.1	-6.256944444444445	670
1279X	Salas, Camuño	Asturias	43.425	-6.230833333333334	240
1283U	Cabo Busto	Asturias	43.56916666666667	-6.47	60
1297E	Cervantes	Lugo	42.76861111111111	-7.0175	1020
1302F	Degaña	Asturias	42.95527777777778	-6.4725	1310
1309C	Ibias, San Antolin	Asturias	43.027499999999996	-6.885	780
1327A	Villayón, Oneta	Asturias	43.46555555555556	-6.673333333333334	410
1331A	Castropol	Asturias	43.52472222222222	-7.0313888888888885	40
1341B	Taramundi, Ouria	Asturias	43.41555555555556	-7.061111111111111	340
1342X	Ribadeo	Lugo	43.54055555555556	-7.083055555555555	43
1344X	Mondoñedo	Lugo	43.43138888888889	-7.361666666666666	125
1347T	Burela	Lugo	43.651111111111106	-7.357222222222222	80
1351	Estaca De Bares	A Coruña	43.78611111111111	-7.6850000000000005	90
1354C	Ferrol	A Coruña	43.47638888888889	-8.262222222222222	4
1363X	As Pontes	A Coruña	43.44583333333333	-7.8613888888888885	343
1387	A Coruña	A Coruña	43.365833333333335	-8.421388888888888	57
1387D	A Coruña Bens	A Coruña	43.36333333333334	-8.441944444444445	132
1387E	A Coruña Aeropuerto	A Coruña	43.30694444444444	-8.371944444444445	98
1390X	Carballo, Depuradora	A Coruña	43.203611111111115	-8.71111111111111	98
1393	Cabo Vilán	A Coruña	43.160555555555554	-9.210833333333333	50
1399	Vimianzo	A Coruña	43.0575	-9.046944444444444	287
1400	Fisterra	A Coruña	42.92472222222222	-9.29138888888889	230
1406X	Mazaricos	A Coruña	42.93527777777778	-8.993611111111111	340
1410X	Sobrado	A Coruña	43.03777777777778	-8.022222222222224	500
1428	Santiago De Compostela Aeropuerto	A Coruña	42.88805555555555	-8.410555555555556	370
1435C	Noia	A Coruña	42.80027777777777	-8.876111111111111	128
1437O	Monte Iroite	A Coruña	42.720555555555556	-8.923333333333332	685
1442U	Boiro	A Coruña	42.64388888888889	-8.892222222222221	10
1446X	Monterroso	Lugo	42.80972222222222	-7.7683333333333335	680
1455I	Rodeiro-Vilamaior	Pontevedra	42.711111111111116	-7.953888888888889	645
1465U	Lalin-Cristimil	Pontevedra	42.66555555555556	-8.1925	463
1466A	Silleda	Pontevedra	42.700833333333335	-8.257777777777777	435
1468X	A Estrada	Pontevedra	42.69361111111111	-8.501944444444444	269
1473A	Padrón	A Coruña	42.73833333333334	-8.627222222222223	100
1475X	Santiago De Compostela	A Coruña	42.876111111111115	-8.555833333333334	240
1476R	Rois, Casas Do Porto	A Coruña	42.749722222222225	-8.714722222222221	210
1477U	Vilagarcia De Arousa	Pontevedra	42.58222222222223	-8.769722222222223	36
1477V	Vilagarcía De Arousa	Pontevedra	42.584722222222226	-8.774722222222223	32
1484	Pontevedra, Instituto	Pontevedra	42.43055555555555	-8.647222222222222	19
1484C	Pontevedra	Pontevedra	42.43833333333333	-8.615833333333333	113
1486E	Escuela Naval De Marín	Pontevedra	42.39611111111111	-8.706944444444444	3
1489A	A Lama	Pontevedra	42.40694444444444	-8.45111111111111	395
1495	Vigo Aeropuerto	Pontevedra	42.23861111111111	-8.623888888888889	255
1496X	Vigo 	Pontevedra	42.230555555555554	-8.724166666666667	120
1505	Lugo Aeropuerto	Lugo	43.111111111111114	-7.4575000000000005	442
1518A	Lugo	Lugo	42.998333333333335	-7.5525	442
1521I	O Páramo	Lugo	42.84527777777778	-7.499444444444444	403
1521X	Becerreá	Lugo	42.86388888888889	-7.185277777777778	1080
1541B	Villablino	Leon	42.928888888888885	-6.333888888888889	958
1542	Puerto De Leitariegos	Asturias	42.994166666666665	-6.4141666666666675	1530
1549	Ponferrada	Leon	42.56388888888888	-6.6	532
1561I	Vega De Espinareda  	Leon	42.76611111111111	-6.673611111111112	770
1583X	O Barco De Valdeorras	Ourense	42.41555555555556	-6.993055555555555	315
1631E	A Pobra De Trives	Ourense	42.339444444444446	-7.2825	840
1639X	Chandrexa De Queixa	Ourense	42.26027777777778	-7.383611111111112	990
1658	Folgoso Do Courel	Lugo	42.58861111111111	-7.191666666666667	612
1679A	Monforte De Lemos	Lugo	42.531666666666666	-7.510833333333333	291
1690A	Ourense	Ourense	42.32527777777778	-7.859722222222222	146
1690B	Ourense,Instituto	Ourense	42.33222222222223	-7.864444444444444	148
1696O	Beariz	Ourense	42.46805555555556	-8.278055555555556	610
1700X	O Carballiño	Ourense	42.421388888888885	-8.092500000000001	400
1701X	Ribadavia	Ourense	42.3	-8.129166666666666	112
1706A	Allariz	Ourense	42.18277777777777	-7.796111111111111	492
1719	A Cañiza	Pontevedra	42.21805555555556	-8.281111111111112	560
1723X	Ponteareas, Canedo   	Pontevedra	42.18222222222222	-8.492777777777777	90
1730E	O Rosal	Pontevedra	41.943888888888885	-8.8475	55
1735X	Xinzo De Limia	Ourense	42.07916666666667	-7.733611111111111	616
1738U	Muiños	Ourense	41.93416666666666	-7.988888888888889	730
1740	Santillana Del Mar, Altamira	Cantabria	43.37722222222222	-4.124444444444444	150
2005Y	Vinuesa, Quintanarejo	Soria	41.967777777777776	-2.7827777777777776	1197
2017Y	La Póveda De Soria, Barriomartín	Soria	41.99583333333334	-2.4941666666666666	1260
2030	Soria	Soria	41.775	-2.4830555555555556	1081
2044B	Lubia	Soria	41.60055555555556	-2.5075	1100
2048A	Morón De Almazán	Soria	41.419444444444444	-2.4202777777777778	978
2059B	La Riba De Escalote	Soria	41.349722222222226	-2.783333333333333	1042
2084Y	Ucero	Soria	41.721944444444446	-3.0469444444444442	960
2092	Burgo De Osma	Soria	41.589444444444446	-3.0869444444444447	932
2096B	Liceras	Soria	41.37361111111111	-3.251388888888889	1150
2106B	Coruña Del Conde	Burgos	41.74583333333334	-3.3819444444444446	955
2117D	Aranda De Duero	Burgos	41.66583333333333	-3.742777777777778	790
2135A	Fresno De Cantespino	Segovia	41.37277777777778	-3.507222222222222	993
2140A	Aldeanueva De Serrezuela	Segovia	41.464444444444446	-3.785833333333333	1135
2150H	La Pinilla, Estación De Esquí	Segovia	41.19194444444444	-3.475277777777778	1798
2166Y	Peñafiel	Valladolid	41.59305555555556	-4.124722222222222	756
2172Y	Sardón De Duero	Valladolid	41.61194444444445	-4.405555555555556	725
2182C	Pedraza	Segovia	41.13388888888889	-3.790277777777778	1107
2192C	Cuéllar	Segovia	41.38361111111111	-4.265555555555555	795
2235U	Cervera De Pisuerga	Palencia	42.870555555555555	-4.52	1140
2243A	Aguilar De Campoo	Palencia	42.79805555555556	-4.277222222222222	910
2276B	Villaeles De Valdavia	Palencia	42.56888888888889	-4.575	908
2285B	Villadiego	Burgos	42.52388888888889	-4.001111111111111	869
2290Y	Pedrosa Del Príncipe	Burgos	42.25111111111111	-4.198888888888889	771
2296A	Ólvega	Soria	41.775555555555556	-1.9766666666666668	1039
2298	Palacios De La Sierra	Burgos	41.959722222222226	-3.131666666666667	1080
2302N	Monterrubio De La Demanda	Burgos	42.146388888888886	-3.1097222222222225	1197
2311Y	Villamayor De Los Montes	Burgos	42.10527777777778	-3.767777777777778	884
2331	Burgos Aeropuerto	Burgos	42.356944444444444	-3.620277777777778	891
2362C	Velilla Del Río Carrión, Camporredondo De Alba	Palencia	42.89388888888889	-4.713611111111112	1575
2374X	Carrión De Los Condes	Palencia	42.350833333333334	-4.617222222222223	830
2400E	Autilla Del Pino	Palencia	41.995555555555555	-4.602777777777778	874
2401	Palencia, Observatorio	Palencia	42.005	-4.529166666666667	750
2401X	Palencia	Palencia	42.00944444444445	-4.560555555555555	736
2422	Valladolid	Valladolid	41.64083333333333	-4.754166666666666	734
2430Y	Muñotello	Avila	40.54333333333333	-5.0441666666666665	1178
2444	Ávila	Avila	40.659166666666664	-4.679722222222223	1130
2444C	Ávila, Ayuntamiento	Avila	40.656666666666666	-4.700277777777778	1143
2453E	Gotarrendura	Avila	40.82888888888889	-4.741944444444444	920
2456B	Arevalo	Avila	41.07138888888889	-4.73	820
2462	Puerto De Navacerrada	Madrid	40.793055555555554	-4.010555555555555	1893
2465	Segovia	Segovia	40.945277777777775	-4.126388888888888	1008
2465A	Segovia, Instituto	Segovia	40.946666666666665	-4.115833333333333	990
2471Y	San Rafael	Segovia	40.718611111111116	-4.211944444444445	1237
2482B	Miguelañez	Segovia	41.12638888888889	-4.375833333333333	870
2491C	La Covatilla, Estación De Esquí	Salamanca	40.355000000000004	-5.69	1960
2503B	Olmedo, Depósito De Agua	Valladolid	41.28	-4.691944444444444	786
2503X	Olmedo	Valladolid	41.325833333333335	-4.686944444444444	740
2507Y	Rueda	Valladolid	41.419444444444444	-4.963611111111112	724
2512Y	Rivilla De Barajas	Avila	40.882222222222225	-5.018611111111111	925
2517A	Fuente El Sol	Valladolid	41.172777777777775	-4.939722222222223	755
2536D	Morales Del Toro	Zamora	41.54833333333333	-5.271388888888889	710
2539	Valladolid Aeropuerto	Valladolid	41.71194444444445	-4.855555555555555	846
2555B	Fuentesauco	Zamora	41.236666666666665	-5.481388888888889	811
2565	Coreses	Zamora	41.555277777777775	-5.630555555555556	702
2568D	Santervás De La Vega, Villapún 	Palencia	42.52361111111111	-4.851111111111111	985
2593D	Villalón De Campos	Valladolid	42.094166666666666	-5.041111111111111	782
2604B	Medina De Rioseco	Valladolid	41.87583333333333	-5.040277777777778	731
2611D	Villafáfila	Zamora	41.85638888888889	-5.592499999999999	690
2614	Zamora	Zamora	41.51555555555556	-5.735277777777778	656
2624C	Riaño	Leon	42.958333333333336	-5.0075	1090
2626Y	Cubillas De Rueda	Leon	42.62	-5.193333333333333	916
2630X	Puerto De San Isidro	Leon	43.06222222222222	-5.376944444444444	1510
2661	León, Virgen Del Camino	Leon	42.58833333333334	-5.651111111111112	916
2661B	León Aeropuerto	Leon	42.599444444444444	-5.6436111111111105	912
2664B	Valencia De Don Juan	Leon	42.295833333333334	-5.504722222222222	788
2701D	Barrios De Luna, Miñera	Leon	42.885555555555555	-5.870833333333334	1120
2728B	Quintana Del Castillo, Villameca	Leon	42.64833333333333	-6.070833333333333	995
2734D	Astorga	Leon	42.47666666666667	-6.0744444444444445	919
2737E	Lagunas De Somoza	Leon	42.3775	-6.196666666666667	1020
2742R	Bustillo Del Páramo	Leon	42.46638888888889	-5.779722222222222	850
2755X	Benavente	Zamora	42.01083333333333	-5.666666666666667	715
2766E	Sanabria, Robleda-Cervantes	Zamora	42.08222222222223	-6.64	910
2775X	Villardeciervos	Zamora	41.94138888888889	-6.279722222222222	850
2777K	Santibañez De Vidriales	Zamora	42.07805555555556	-6.0072222222222225	737
2789H	Pozuelo De Tabara	Zamora	41.785555555555554	-5.908888888888889	711
2804F	Villadepera	Zamora	41.53388888888889	-6.141944444444444	790
2811A	Navarredonda De Gredos	Avila	40.35055555555556	-5.143055555555556	1525
2828Y	Barco De Avila	Avila	40.35527777777778	-5.519166666666667	1012
2847X	Pedrosillo De Los Aires   	Salamanca	40.675555555555555	-5.643333333333333	865
2863C	Pedraza De Alba  	Salamanca	40.73222222222223	-5.366111111111111	897
2867	Salamanca Aeropuerto	Salamanca	40.95944444444445	-5.498333333333333	790
2870	Salamanca	Salamanca	40.9575	-5.662222222222223	775
2873X	Barbadillo	Salamanca	40.90361111111111	-5.779722222222222	817
2882D	Peñausende	Zamora	41.23888888888889	-5.8975	1003
2885K	Fresno De Sayago	Zamora	41.30444444444444	-6.022222222222222	804
2891A	Villarino De Los Aires	Salamanca	41.26277777777778	-6.4622222222222225	690
2914C	Boadilla Fuente San Esteban	Salamanca	40.78611111111111	-6.202777777777778	785
2916A	Vitigudino	Salamanca	41.01138888888889	-6.437777777777778	769
2918Y	El Maíllo	Salamanca	40.56944444444445	-6.223611111111111	1027
2926B	Bañobárez	Salamanca	40.85138888888889	-6.608888888888888	748
2930Y	Navasfrías	Salamanca	40.29666666666667	-6.812777777777778	880
2945A	El Bodón Base Aérea	Salamanca	40.485	-6.576944444444444	805
2946X	Saelices El Chico	Salamanca	40.635	-6.6	680
2966D	Alcañices  	Zamora	41.68333333333333	-6.301388888888889	840
2969U	A Gudiña	Ourense	42.02722222222222	-7.183055555555556	910
2978X	Verín	Ourense	41.92666666666666	-7.421944444444445	380
3013	Molina De Aragón	Guadalajara	40.84166666666667	-1.8788888888888888	1062
3021Y	Zaorejas	Guadalajara	40.75833333333333	-2.199722222222222	1250
3040Y	Beteta	Cuenca	40.57166666666667	-2.0763888888888893	1214
3044X	Cañizares	Cuenca	40.530277777777776	-2.15	928
3085Y	Pastrana	Guadalajara	40.407777777777774	-2.9530555555555558	920
3094B	Tarancón	Cuenca	40.011944444444445	-3.0213888888888887	808
3099Y	Ocaña	Toledo	39.93527777777778	-3.4961111111111114	733
3100B	Aranjuez	Madrid	40.06722222222223	-3.546111111111111	540
3103	Pantano El Vado	Guadalajara	41.00361111111111	-3.301944444444444	910
3104Y	Rascafría	Madrid	40.88972222222222	-3.888333333333333	1159
3110C	Buitrago Del Lozoya	Madrid	41.00694444444444	-3.613888888888889	1030
3111D	Somosierra	Madrid	41.135555555555555	-3.5805555555555553	1450
3125Y	San Sebastián De Los Reyes	Madrid	40.55	-3.6166666666666667	672
3126Y	Madrid, El Goloso	Madrid	40.561388888888885	-3.7119444444444447	740
3129	Madrid Aeropuerto	Madrid	40.46666666666667	-3.5555555555555554	609
3130C	Sigüenza	Guadalajara	41.08638888888889	-2.618055555555556	1005
3140Y	Mandayona	Guadalajara	40.985	-2.76	990
3168A	Guadalajara, Instituto	Guadalajara	40.63472222222222	-3.1666666666666665	685
3168C	Guadalajara, El Serranillo	Guadalajara	40.659166666666664	-3.1733333333333333	639
3168D	Guadalajara	Guadalajara	40.63027777777778	-3.1502777777777777	727
3170Y	Alcala De Henares	Madrid	40.52833333333333	-3.289722222222222	605
3175	Torrejón De Ardoz	Madrid	40.48861111111111	-3.443611111111111	607
3182Y	Arganda Del Rey	Madrid	40.31166666666666	-3.497777777777778	533
3191E	Colmenar Viejo	Madrid	40.69611111111111	-3.765	1004
3194U	Madrid, Ciudad Universitaria	Madrid	40.45166666666667	-3.7241666666666666	664
3194Y	Pozuelo De Alarcón	Madrid	40.44833333333333	-3.813333333333333	665
3195	Madrid, Retiro	Madrid	40.411944444444444	-3.6780555555555554	667
3196	Madrid, Cuatro Vientos	Madrid	40.37555555555556	-3.786111111111111	690
3200	Getafe	Madrid	40.29944444444444	-3.7222222222222223	620
3209Y	Brihuega	Guadalajara	40.765277777777776	-2.8741666666666665	835
3229Y	Tielmes	Madrid	40.24722222222222	-3.3116666666666665	594
3245Y	Tembleque	Toledo	39.69611111111111	-3.5058333333333334	635
3254Y	Mora 	Toledo	39.68694444444444	-3.7805555555555554	717
3259	Toledo, Lorenzana	Toledo	39.85944444444445	-4.025555555555555	540
3260B	Toledo	Toledo	39.88472222222222	-4.045277777777778	513
3266A	Puerto Alto Del León	Madrid	40.70638888888889	-4.141944444444444	1532
3268C	Alpedrete	Madrid	40.65972222222222	-4.0175	924
3298X	San Pablo De Los Montes	Toledo	39.54694444444444	-4.350555555555555	917
3305Y	Navahermosa	Toledo	39.63055555555555	-4.476944444444444	750
3319D	Puerto Del Pico	Avila	40.33972222222222	-5.012777777777778	1285
3330Y	Rozas De Puerto Real	Madrid	40.31305555555555	-4.487222222222222	890
3337U	Cebreros	Avila	40.4675	-4.4558333333333335	850
3338	Robledo De Chavela	Madrid	40.42777777777778	-4.25	763
3343Y	Valdemorillo	Madrid	40.49666666666667	-4.061111111111111	884
3362Y	Castillo De Bayuela	Toledo	40.108333333333334	-4.680555555555556	560
3365A	Talavera De La Reina	Toledo	39.95861111111111	-4.863611111111111	372
3386A	Navalvillar De Ibor	Caceres	39.59166666666667	-5.3916666666666675	923
3391	Sotillo De La Adrada	Avila	40.28861111111111	-4.590833333333333	630
3422D	Candeleda	Avila	40.13916666666667	-5.311388888888889	350
3423I	Madrigal De La Vera	Caceres	40.153888888888886	-5.373333333333333	464
3427Y	Oropesa	Toledo	39.99333333333333	-5.114444444444444	345
3434X	Navalmoral De La Mata	Caceres	39.94583333333333	-5.5825	269
3436D	Garganta La Olla	Caceres	40.111111111111114	-5.784722222222222	690
3448X	Serradilla	Caceres	39.82083333333334	-6.1274999999999995	406
3455X	Jaraicejo	Caceres	39.669999999999995	-5.808333333333334	559
3463X	Trujillo	Caceres	39.4825	-5.854166666666666	503
3463Y	Trujillo	Caceres	39.46416666666667	-5.874166666666667	523
3469	Cáceres, Ciudad	Caceres	39.475833333333334	-6.376388888888888	459
3469A	Cáceres	Caceres	39.47138888888889	-6.338888888888889	394
3475X	Cañaveral	Caceres	39.79055555555556	-6.376388888888888	373
3494U	Nuñomoral	Caceres	40.408055555555556	-6.239722222222222	470
3503	Guijo De Granadilla	Caceres	40.18944444444444	-6.1675	393
3504X	Hervás	Caceres	40.265	-5.861111111111111	724
3512X	Montehermoso	Caceres	40.08083333333334	-6.338888888888889	351
3514B	Tornavacas	Caceres	40.25861111111111	-5.678333333333334	991
3516X	Piornal	Caceres	40.12083333333334	-5.8325	1260
3519X	Plasencia	Caceres	40.043055555555554	-6.085833333333333	415
3526X	Coria	Caceres	40.00361111111111	-6.5575	313
3531X	Torrecilla De Los Angeles	Caceres	40.255	-6.411666666666667	459
3536X	Hoyos	Caceres	40.17472222222222	-6.724444444444445	560
3540X	Zarza La Mayor	Caceres	39.87138888888889	-6.859999999999999	336
3547X	Valverde Del Fresno	Caceres	40.20722222222223	-6.896111111111111	450
3562X	Aliseda	Caceres	39.427499999999995	-6.7363888888888885	321
3565X	Brozas	Caceres	39.61805555555556	-6.745	425
3576X	Valencia De Alcántara	Caceres	39.414722222222224	-7.231111111111111	444
4007Y	Ossa De Montiel	Albacete	38.965833333333336	-2.745	905
4051Y	Alcázar Del Rey	Cuenca	40.06111111111111	-2.8069444444444445	875
4061X	Quintanar De La Orden	Toledo	39.59722222222222	-3.0483333333333333	692
4064Y	Alcazar De San Juan	Ciudad Real	39.39083333333333	-3.2158333333333333	640
4067	Madridejos	Toledo	39.49194444444444	-3.5283333333333333	690
4070Y	Abia De Obispalia	Cuenca	40.01888888888889	-2.395277777777778	1020
4075Y	Villares Del Saz	Cuenca	39.84027777777778	-2.5033333333333334	870
4089A	Alberca De Zancara	Cuenca	39.51694444444444	-2.4958333333333336	858
4090Y	San Clemente	Cuenca	39.416666666666664	-2.4205555555555556	728
4091Y	Villarrobledo	Albacete	39.261944444444445	-2.5925000000000002	718
4093Y	Osa De La Vega 	Cuenca	39.65611111111111	-2.76	763
4095Y	Belmonte	Cuenca	39.555277777777775	-2.7055555555555557	745
4096Y	Munera	Albacete	39.016666666666666	-2.488888888888889	918
4103X	Tomelloso	Ciudad Real	39.16916666666666	-3.0075	662
4116I	Almagro / Famet	Ciudad Real	38.950833333333335	-3.7419444444444445	626
4121	Ciudad Real	Ciudad Real	38.98916666666667	-3.9202777777777778	626
4121C	Ciudad Real, Instituto	Ciudad Real	38.98777777777778	-3.9291666666666667	627
4138Y	Villanueva De Los Infantes	Ciudad Real	38.737500000000004	-3.0044444444444443	900
4147X	Valdepeñas	Ciudad Real	38.75055555555556	-3.391388888888889	700
4148	Viso Del Marqués	Ciudad Real	38.518055555555556	-3.5666666666666664	804
4193Y	El Robledo	Ciudad Real	39.219166666666666	-4.283333333333333	580
4195E	Alcornoquera, Parque Nacional Cabañeros	Ciudad Real	39.32083333333334	-4.3950000000000005	651
4210Y	Abenójar	Ciudad Real	38.89805555555556	-4.291944444444444	718
4220X	Puebla De Don Rodrigo	Ciudad Real	39.08361111111111	-4.621944444444445	531
4236Y	Puerto Rey 	Caceres	39.45055555555556	-5.026388888888889	689
4244X	Herrera Del Duque	Badajoz	39.169444444444444	-5.062222222222222	447
4245X	Guadalupe	Caceres	39.45527777777778	-5.333333333333333	660
4260	Peraleda Del Zaucejo	Badajoz	38.47972222222222	-5.5775	542
4263X	Valsequillo	Cordoba	38.409444444444446	-5.350555555555555	575
4267X	Hinojosa Del Duque	Cordoba	38.49583333333334	-5.129166666666666	545
4300Y	Almadén	Ciudad Real	38.77472222222222	-4.843611111111111	535
4325Y	Castuera	Badajoz	38.74194444444444	-5.529166666666667	459
4339X	Cañamero	Caceres	39.314166666666665	-5.368888888888889	590
4340	Navalvillar De Pela	Badajoz	39.10333333333333	-5.461388888888889	313
4347X	Zorita	Caceres	39.282777777777774	-5.710277777777778	413
4358X	Don Benito	Badajoz	38.955555555555556	-5.880555555555556	273
4362X	Retamal De Llerena	Badajoz	38.57638888888889	-5.845833333333333	474
4386B	Llerena	Badajoz	38.23166666666667	-6.016944444444444	655
4395X	Villafranca De Los Barros	Badajoz	38.55166666666666	-6.306666666666667	430
4410X	Mérida	Badajoz	38.91583333333333	-6.385555555555556	228
4411C	Alcuescar	Caceres	39.1975	-6.231111111111111	467
4427X	Zafra	Badajoz	38.42583333333333	-6.4366666666666665	433
4436Y	Almendralejo	Badajoz	38.68888888888888	-6.361111111111111	371
4452	Badajoz Aeropuerto	Badajoz	38.88333333333333	-6.813888888888889	186
4464X	Alburquerque	Badajoz	39.18194444444444	-6.995277777777778	283
4468X	Puebla De Obando	Badajoz	39.17666666666666	-6.600833333333333	392
4478X	Badajoz	Badajoz	38.88722222222222	-7.008055555555556	175
4486X	Olivenza	Badajoz	38.6975	-7.084444444444444	275
4489X	Alconchel	Badajoz	38.484722222222224	-7.281944444444444	170
4492F	Barcarrota	Badajoz	38.47277777777778	-6.923333333333334	377
4497X	Villanueva Del Fresno	Badajoz	38.37222222222222	-7.158055555555556	247
4499X	Monesterio	Badajoz	38.081388888888895	-6.271944444444444	771
4501X	Fuente De Cantos	Badajoz	38.20861111111111	-6.311388888888889	602
4511C	Jerez De Los Caballeros	Badajoz	38.29861111111111	-6.765	381
4520X	Fregenal De La Sierra	Badajoz	38.17833333333333	-6.661666666666667	586
4527X	Aroche	Huelva	37.98027777777778	-6.975833333333333	267
4541X	El Granado	Huelva	37.55361111111111	-7.52	60
4549Y	Ayamonte	Huelva	37.19472222222222	-7.3950000000000005	3
4554X	Cartaya	Huelva	37.218333333333334	-7.083611111111111	15
4560Y	Alajar	Huelva	37.868611111111115	-6.675000000000001	572
4575X	Valverde Del Camino	Huelva	37.57527777777778	-6.767777777777778	280
4584X	El Cerro De Andévalo	Huelva	37.73166666666667	-6.942222222222222	270
4589X	Alosno, Tharsis	Huelva	37.59777777777778	-7.1194444444444445	276
4605	Huelva	Huelva	37.25666666666667	-6.949722222222222	17
4608X	El Campillo	Huelva	37.67722222222222	-6.630000000000001	415
4622X	Villarrasa	Huelva	37.450833333333335	-6.636666666666666	145
4642E	Huelva, Ronda Este	Huelva	37.27833333333333	-6.911666666666667	18
5000A	Ceuta, Monte Hacho	Ceuta	35.89555555555555	-5.292222222222222	200
5000C	Ceuta	Ceuta	35.88861111111111	-5.3469444444444445	87
5038X	Cazorla	Jaen	37.91583333333333	-3.003888888888889	782
5038Y	Cazorla	Jaen	37.91583333333333	-3.003888888888889	799
5047E	Baza	Granada	37.505833333333335	-2.735	785
5051X	Huéscar	Granada	37.86138888888889	-2.6530555555555555	1092
5060X	Vélez Blanco - Topares	Almeria	37.86083333333333	-2.2280555555555557	1190
5103E	Camarate 2, Parque Nacional Sierra Nevada	Granada	37.15833333333333	-3.2569444444444446	2152
5103F	Camarate, Parque Nacional Sierra Nevada	Granada	37.191111111111105	-3.253888888888889	1534
5107D	Dólar	Granada	37.18	-2.986388888888889	1197
5164B	Baeza	Jaen	37.99666666666667	-3.4619444444444447	771
5165X	Torres	Jaen	37.780833333333334	-3.563611111111111	910
5181D	Arroyo Del Ojanco	Jaen	38.31472222222222	-2.8897222222222223	580
5192	Villarrodrigo	Jaen	38.48916666666667	-2.6375	862
5210X	Villanueva Del Arzobispo	Jaen	38.175	-2.9980555555555557	680
5246	Santa Elena	Jaen	38.34444444444445	-3.5352777777777775	770
5270	Jaén, Instituto	Jaen	37.77638888888889	-3.7888888888888888	510
5270B	Jaén	Jaen	37.777499999999996	-3.8091666666666666	580
5279X	Linares	Jaen	38.151111111111106	-3.6294444444444447	515
5281X	Bailén	Jaen	38.09305555555556	-3.7824999999999998	345
5298X	Andújar	Jaen	38.02305555555555	-4.0633333333333335	202
5304Y	Puertollano	Ciudad Real	38.66888888888889	-4.059166666666666	665
5341C	Fuencaliente	Ciudad Real	38.428888888888885	-4.301666666666667	710
5346X	Cardeña	Cordoba	38.18666666666666	-4.2725	720
5361X	Montoro	Cordoba	38.013333333333335	-4.330277777777778	155
5390Y	Villanueva De Córdoba	Cordoba	38.33305555555556	-4.608888888888888	750
5394X	Córdoba, Embalse De Guadanuño	Cordoba	38.020833333333336	-4.796666666666667	525
5402	Córdoba Aeropuerto	Cordoba	37.848888888888894	-4.846666666666667	90
5406X	Alcalá La Real	Jaen	37.4975	-3.9080555555555554	908
5412X	Priego De Córdoba	Cordoba	37.484722222222224	-4.207777777777778	550
5427X	Doña Mencía	Cordoba	37.55611111111111	-4.353888888888888	650
5429X	Córdoba, Prágdena	Cordoba	37.81027777777778	-4.4622222222222225	275
5459X	Espiel	Cordoba	38.111111111111114	-4.9286111111111115	465
5470	Fuente Palmera	Cordoba	37.753055555555555	-5.100555555555555	120
5473X	Azuaga	Badajoz	38.26777777777777	-5.686111111111112	581
5511	Pradollano, Parque Nacional Sierra Nevada	Granada	37.06444444444444	-3.3713888888888888	3092
5514	Granada Base Aérea	Granada	37.13722222222222	-3.631388888888889	687
5514Z	Granada Base Aérea	Granada	37.13611111111111	-3.6333333333333333	695
5515D	Víznar	Granada	37.23694444444445	-3.5505555555555555	1258
5515X	Granada-Cartuja	Granada	37.189722222222215	-3.595555555555556	775
5516D	Sierra Nevada 'Radiotelescopio'	Granada	37.06305555555555	-3.3869444444444445	2856
5530E	Granada Aeropuerto	Granada	37.19027777777777	-3.789722222222222	560
5582A	Loja	Granada	37.16111111111111	-4.152777777777779	760
5598X	Benamejí	Cordoba	37.23083333333334	-4.547777777777777	465
5612B	La Roda De Andalucía	Sevilla	37.19444444444444	-4.77	410
5612X	Lora De Estepa	Sevilla	37.27027777777778	-4.826944444444444	450
5624X	Aguilar De La Frontera	Cordoba	37.481944444444444	-4.685833333333334	309
5625X	La Rambla	Cordoba	37.63861111111111	-4.763888888888889	200
5641X	Écija	Sevilla	37.51611111111111	-5.085	130
5654X	La Puebla De Los Infantes	Sevilla	37.78666666666666	-5.3711111111111105	200
5656	Fuentes De Andalucía	Sevilla	37.49722222222222	-5.433055555555556	165
5702X	Carmona	Sevilla	37.565555555555555	-5.740555555555556	50
5704B	Cazalla De La Sierra	Sevilla	37.92638888888889	-5.769722222222222	550
5726X	Guadalcanal	Sevilla	38.099444444444444	-5.819166666666667	720
5733X	Almadén De La Plata	Sevilla	37.79111111111111	-6.075	450
5769X	Cala	Huelva	37.97361111111111	-6.322222222222222	618
5783	Sevilla Aeropuerto	Sevilla	37.416666666666664	-5.879166666666667	34
5788X	Tomares, Zaudín	Sevilla	37.361666666666665	-6.059722222222222	84
5790Y	Sevilla, Tablada	Sevilla	37.36416666666667	-6.005833333333333	9
5796	Morón De La Frontera	Sevilla	37.16444444444444	-5.6113888888888885	87
5835X	Carrión De Los Céspedes	Sevilla	37.36	-6.3341666666666665	76
5858X	Almonte	Huelva	36.98861111111111	-6.4430555555555555	5
5860E	Moguer, El Arenosillo	Huelva	37.09805555555556	-6.7380555555555555	41
5891X	Las Cabezas De San Juan	Sevilla	36.95333333333333	-5.846666666666667	105
5906X	Chipiona	Cadiz	36.75	-6.400555555555556	10
5910	Rota, Base Naval	Cadiz	36.638888888888886	-6.3325	21
5911A	Grazalema	Cadiz	36.760555555555555	-5.3741666666666665	913
5919X	Olvera	Cadiz	36.931666666666665	-5.259444444444444	530
5941X	El Bosque	Cadiz	36.72944444444445	-5.512222222222222	295
5950X	San José Del Valle	Cadiz	36.663888888888884	-5.783333333333333	105
5960	Jerez De La Frontera Aeropuerto	Cadiz	36.75055555555556	-6.055833333333333	27
5972X	San Fernando	Cadiz	36.46555555555556	-6.205555555555556	28
5973	Cádiz	Cadiz	36.499722222222225	-6.257777777777778	2
5983X	Medina Sidonia	Cadiz	36.40611111111111	-5.920277777777778	70
5995B	Vejer De La Frontera	Cadiz	36.245555555555555	-5.965	186
5996B	Barbate	Cadiz	36.18472222222222	-5.9094444444444445	4
5998X	Osuna	Sevilla	37.24333333333333	-5.1125	255
6000A	Melilla	Melilla	35.27638888888889	-2.956388888888889	52
6001	Tarifa	Cadiz	36.013888888888886	-5.598888888888888	32
6032B	Ronda	Malaga	36.749722222222225	-5.168333333333334	766
6032X	Ronda Instituto	Malaga	36.75	-5.168611111111112	760
6040X	Cortes De La Frontera	Malaga	36.544444444444444	-5.386388888888889	315
6042I	Jimena De La Frontera	Cadiz	36.43555555555555	-5.3950000000000005	42
6045X	Alpandeire	Malaga	36.6325	-5.203055555555555	676
6050X	Gaucín	Malaga	36.51861111111111	-5.318611111111111	594
6056X	San Roque  	Cadiz	36.27305555555555	-5.2844444444444445	1
6057X	Manilva	Malaga	36.37833333333333	-5.26	140
6058I	Estepona	Malaga	36.41694444444444	-5.155	19
6069X	Benahavís	Malaga	36.54361111111111	-5.0247222222222225	392
6076X	Marbella, Puerto	Malaga	36.48444444444444	-4.953055555555555	2
6083X	Marbella	Malaga	36.483333333333334	-4.740277777777778	2
6084X	Fuengirola	Malaga	36.53861111111111	-4.618333333333334	8
6088X	Torremolinos	Malaga	36.620555555555555	-4.515	85
6100B	Antequera Ayuntamiento (Automática Thies)	Malaga	37.02388888888889	-4.5625	515
6106X	Antequera	Malaga	37.029444444444444	-4.748333333333333	408
6127X	Álora	Malaga	36.85472222222222	-4.696666666666667	172
6143X	Coín	Malaga	36.657777777777774	-4.760833333333333	230
6155A	Málaga Aeropuerto	Malaga	36.66611111111111	-4.482222222222222	7
6156X	Málaga, Centro Meteorológico	Malaga	36.717777777777776	-4.4816666666666665	54
6172O	Málaga, Puerto	Malaga	36.71666666666667	-4.419722222222222	25
6172X	Málaga	Malaga	36.71666666666667	-4.419722222222222	25
6175X	Rincón De La Victoria	Malaga	36.715	-4.286111111111111	7
6199X	Vélez-Málaga	Malaga	36.76861111111111	-4.093611111111111	41
6201X	Algarrobo	Malaga	36.755833333333335	-4.043888888888889	35
6205X	Torrox	Malaga	36.72638888888889	-3.957222222222222	3
6213X	Nerja	Malaga	36.76277777777778	-3.845277777777778	169
6248D	Cañar, Parque Nacional Sierra Nevada	Granada	36.952222222222225	-3.4302777777777775	1732
6258X	Lanjarón	Granada	36.92305555555555	-3.4925	708
6267X	Salobreña	Granada	36.748333333333335	-3.578611111111111	20
6268X	Motril	Granada	36.72277777777778	-3.5302777777777776	12
6268Y	Motril, Puerto	Granada	36.723888888888894	-3.529166666666667	3
6272X	Castell De Ferro	Granada	36.73416666666667	-3.38	235
6277B	Adra	Almeria	36.74722222222222	-3.0205555555555557	8
6281X	Válor	Granada	37.00527777777778	-3.071388888888889	1020
6291B	El Ejido	Almeria	36.77472222222222	-2.813055555555555	98
6293X	Roquetas De Mar	Almeria	36.68694444444444	-2.7016666666666667	3
6297	Almería	Almeria	36.83111111111111	-2.4555555555555557	7
6299I	Laguna Seca, Parque Nacional Sierra Nevada	Granada	37.09583333333334	-2.9644444444444447	2300
6302A	Abla	Almeria	37.14138888888889	-2.78	869
6307C	Laújar, Parque Nacional Sierra Nevada	Almeria	37.05305555555555	-2.897222222222222	1713
6307X	Láujar De Andarax	Almeria	37.03333333333333	-2.9125	1510
6312E	Rágol, Parque Nacional Sierra Nevada	Almeria	37.020833333333336	-2.677222222222222	601
6325O	Almería Aeropuerto	Almeria	36.84638888888889	-2.3569444444444447	21
6329X	Cabo De Gata	Almeria	36.721944444444446	-2.1930555555555555	42
6332X	Carboneras	Almeria	36.98027777777778	-1.903611111111111	16
6332Y	Carboneras	Almeria	36.94222222222222	-1.9069444444444443	222
6335O	Nacimiento, Parque Nacional Sierra Nevada	Almeria	37.11	-2.6991666666666667	970
6340X	Garrucha, Puerto	Almeria	37.178888888888885	-1.8166666666666667	7
6364X	Albox	Almeria	37.406666666666666	-2.151388888888889	508
6367B	Huércal-Overa	Almeria	37.39055555555556	-1.9436111111111112	300
6375X	Fuente De Piedra	Malaga	37.132222222222225	-4.741944444444444	420
6381	Alborán	Almeria	35.93833333333333	-3.036111111111111	15
7002Y	Águilas	Murcia	37.41722222222222	-1.5869444444444445	32
7007Y	Mazarrón	Murcia	37.588055555555556	-1.2305555555555556	66
7012C	Cartagena	Murcia	37.60111111111111	-0.9877777777777778	17
7012D	Cartagena	Murcia	37.60444444444445	-1.0233333333333332	56
7019X	Cartagena/Salinas Cabo Palos	Murcia	37.63583333333333	-0.7155555555555555	3
7020C	Murcia Aeropuerto	Murcia	37.8075	-1.1280555555555556	205
7023X	Fuente Álamo De Murcia	Murcia	37.72638888888889	-1.1672222222222224	140
7026X	Torre-Pacheco	Murcia	37.73888888888889	-0.9675	50
7031	San Javier Aeropuerto	Murcia	37.788888888888884	-0.8033333333333333	4
7031X	San Javier Aeropuerto	Murcia	37.77833333333333	-0.8058333333333334	4
7066Y	Yeste, Embalse Fuensanta	Albacete	38.39333333333333	-2.218888888888889	680
7067Y	Nerpio	Albacete	38.08833333333334	-2.4130555555555553	1485
7072Y	Yeste	Albacete	38.294999999999995	-2.2938888888888886	960
7080X	Moratalla	Murcia	38.26833333333333	-1.986388888888889	955
7096B	Hellín	Albacete	38.54194444444444	-1.7030555555555555	605
7103Y	Tobarra	Albacete	38.588055555555556	-1.6894444444444445	615
7119B	Caravaca De La Cruz	Murcia	38.10305555555556	-1.8772222222222223	643
7121A	Calasparra	Murcia	38.23416666666667	-1.702222222222222	350
7127X	Bullas	Murcia	38.049166666666665	-1.6952777777777779	690
7138B	Jumilla	Murcia	38.45888888888889	-1.3352777777777778	485
7145D	Cieza	Murcia	38.23277777777778	-1.3805555555555555	265
7158X	Archena	Murcia	38.128055555555555	-1.3058333333333334	150
7172X	Mula	Murcia	38.04138888888889	-1.4491666666666667	255
7178I	Murcia	Murcia	38.00194444444445	-1.1708333333333334	62
7195X	Caravaca De La Cruz, Los Royos	Murcia	37.92777777777778	-2.0566666666666666	400
7203A	Lorca, Zarcilla De Ramos	Murcia	37.844722222222224	-1.8697222222222223	646
7209	Lorca	Murcia	37.65472222222222	-1.6872222222222222	312
7211B	Puerto Lumbreras	Murcia	37.56805555555556	-1.797222222222222	445
7218Y	Totana	Murcia	37.75861111111111	-1.5127777777777778	281
7227X	Alhama De Murcia	Murcia	37.861666666666665	-1.3347222222222221	157
7228	Alcantarilla, Base Aérea	Murcia	37.95777777777778	-1.2286111111111113	75
7237E	Molina De Segura	Murcia	38.138888888888886	-1.158611111111111	170
7244X	Orihuela	Alicante	38.06777777777778	-0.9813888888888889	26
7247X	El Pinós/Pinoso	Alicante	38.39972222222222	-1.0380555555555557	575
7250C	Abanilla	Murcia	38.19444444444444	-1.033888888888889	174
7261X	Rojales	Alicante	38.08972222222222	-0.7155555555555555	29
7275C	Yecla	Murcia	38.60166666666667	-1.159722222222222	640
8005X	Fontanars Dels Alforins	Valencia	38.78	-0.7958333333333333	622
8008Y	Villena	Alicante	38.57694444444445	-0.8655555555555555	486
8013X	Novelda	Alicante	38.385555555555555	-0.7577777777777778	233
8018X	Elx/Elche	Alicante	38.2875	-0.6805555555555555	110
8019	Alicante-Elche Aeropuerto	Alicante	38.282777777777774	-0.5708333333333333	43
8025	Alacant/Alicante	Alicante	38.3725	-0.49416666666666664	81
8036Y	Benidorm	Alicante	38.54361111111111	-0.13777777777777778	36
8050X	Jávea/ Xàbia	Alicante	38.784166666666664	0.16666666666666666	15
8057C	Pego	Alicante	38.84666666666667	-0.11833333333333333	60
8058X	Oliva	Valencia	38.928888888888885	-0.09583333333333333	5
8058Y	Miramar	Valencia	38.95027777777778	-0.13777777777777778	12
8059C	Alcoi/Alcoy	Alicante	38.71083333333333	-0.46	530
8072Y	Barx	Valencia	39.01694444444444	-0.3047222222222222	340
8084Y	Pantano De La Toba (Automatica)	Cuenca	40.22083333333334	-1.9269444444444443	1154
8096	Cuenca	Cuenca	40.06722222222223	-2.1319444444444446	949
8155Y	Motilla Del Palancar	Cuenca	39.555277777777775	-1.9152777777777776	830
8175	Albacete Base Aérea	Albacete	38.95416666666667	-1.856388888888889	702
8177A	Chinchilla	Albacete	38.9375	-1.6588888888888889	880
8178D	Albacete	Albacete	39.00555555555555	-1.8622222222222222	674
8193E	Jalance	Valencia	39.208333333333336	-1.0944444444444443	372
8198Y	Almansa	Albacete	38.85055555555556	-1.0630555555555556	710
8203O	Zarra	Valencia	39.08277777777778	-1.1008333333333333	855
8210Y	Salvacañete	Cuenca	40.10305555555556	-1.503611111111111	1160
8245Y	Mira	Cuenca	39.714444444444446	-1.4425000000000001	815
8270X	Bicorp	Valencia	39.13361111111111	-0.79	305
8283X	Ontinyent	Valencia	38.82944444444445	-0.6077777777777778	350
8293X	Xàtiva	Valencia	39.001666666666665	-0.5230555555555556	88
8300X	Carcaixent	Valencia	39.11333333333334	-0.44583333333333336	25
8309X	Utiel	Valencia	39.57555555555556	-1.2447222222222223	758
8325X	Polinyà De Xúquer	Valencia	39.18472222222222	-0.3719444444444444	12
8337X	Turís	Valencia	39.39222222222222	-0.6247222222222223	186
8354X	Albarracín	Teruel	40.41972222222222	-1.4413888888888888	1130
8368U	Teruel	Teruel	40.350833333333334	-1.1241666666666668	902
8376	Jabaloyas	Teruel	40.236111111111114	-1.4116666666666666	1430
8381X	Ademuz	Valencia	40.06055555555555	-1.283611111111111	705
8395X	Chelva	Valencia	39.75333333333333	-0.9936111111111111	515
8409X	Llíria	Valencia	39.663888888888884	-0.653888888888889	198
8414A	Valencia Aeropuerto	Valencia	39.485	-0.4747222222222222	56
8416	València	Valencia	39.480555555555554	-0.3663888888888889	11
8416X	Valencia, Upv	Valencia	39.47944444444445	-0.3372222222222222	6
8416Y	València, Viveros	Valencia	39.48111111111111	-0.3661111111111111	11
8439X	Segorbe	Castellon	39.79555555555555	-0.4852777777777778	400
8446Y	Sagunt/Sagunto	Valencia	39.700833333333335	-0.2588888888888889	24
8458X	Cedrillas	Teruel	40.43055555555555	-0.8494444444444444	1380
8472A	Montanejos	Castellon	40.08777777777778	-0.5469444444444445	601
8486X	Mosqueruela	Teruel	40.362500000000004	-0.45444444444444443	1515
8489X	Villafranca Del Cid/Vilafranca	Castellon	40.43333333333333	-0.25555555555555554	1130
8492X	Atzeneta Del Maestrat	Castellon	40.227222222222224	-0.16972222222222222	420
8500A	Castelló - Almassora	Castellon	39.95722222222223	-0.07194444444444445	43
8501	Castelló De La Plana	Castellon	39.98916666666667	-0.03222222222222222	23
8503Y	Torreblanca	Castellon	40.21138888888889	0.18361111111111109	35
8520X	La Pobla De Benifassà-Fredes	Castellon	40.69361111111111	0.16527777777777777	1165
8523X	Vinaròs	Castellon	40.55416666666667	0.4297222222222222	111
9001D	Reinosa	Cantabria	42.99194444444444	-4.160555555555556	870
9001S	Alto Campoo	Cantabria	43.03666666666666	-4.374444444444444	1650
9012E	Santa Gadea De Alfoz	Burgos	42.95138888888889	-3.957222222222222	915
9016X	Valderredible, Cubillo De Ebro	Cantabria	42.80972222222222	-4.032222222222222	770
9019B	Valderredible, Polientes   	Cantabria	42.80611111111111	-3.933888888888889	720
9027X	Sargentes De La Lora	Burgos	42.746944444444445	-3.8844444444444446	1017
9031C	Briviesca	Burgos	42.559444444444445	-3.3088888888888888	730
9051	Medina De Pomar	Burgos	42.919999999999995	-3.4827777777777778	580
9060X	Lalastra	Araba/Alava	42.875277777777775	-3.231666666666667	910
9069C	Miranda De Ebro	Burgos	42.68722222222222	-2.9605555555555556	460
9073X	Agurain/Salvatierra, Opakua	Araba/Alava	42.82972222222222	-2.3597222222222225	660
9087	Vitoria Aeródromo	Araba/Alava	42.849722222222226	-2.656111111111111	521
9091O	Foronda-Txokiza	Araba/Alava	42.88194444444444	-2.735	513
9091R	Vitoria-Gasteiz Aeropuerto	Araba/Alava	42.871944444444445	-2.7327777777777778	513
9111	Belorado	Burgos	42.42111111111111	-3.1702777777777778	820
9115X	Valdezcaray	La Rioja	42.255	-2.968055555555556	1630
9121X	Haro	La Rioja	42.57527777777778	-2.854722222222222	465
9122I	Labastida	Araba/Alava	42.60388888888889	-2.7766666666666664	612
9136X	Anguiano, Valvanera	La Rioja	42.23083333333334	-2.871111111111111	1006
9141V	Nájera	La Rioja	42.413888888888884	-2.7266666666666666	500
9145X	Leza	Araba/Alava	42.56722222222223	-2.6327777777777777	575
9145Y	Cenicero	La Rioja	42.48277777777778	-2.6394444444444445	429
9170	Logroño, Aeropuerto	La Rioja	42.452222222222225	-2.331111111111111	353
9171K	Los Arcos	Navarra	42.57055555555556	-2.1838888888888888	470
9178X	Campezo/Kanpezu	Araba/Alava	42.67055555555555	-2.3461111111111115	570
9188	Enciso	La Rioja	42.14944444444444	-2.2733333333333334	855
9195C	Astún- La Raca	Huesca	42.793055555555554	-0.5052777777777778	2276
9198X	Canfranc	Huesca	42.74944444444444	-0.5161111111111111	1197
9201K	Jaca	Huesca	42.57888888888889	-0.5469444444444445	823
9201X	Jaca	Huesca	42.57972222222222	-0.545	832
9207	Valle De Hecho, Hecho	Huesca	42.74055555555556	-0.7505555555555555	860
9208E	Aragüés Del Puerto	Huesca	42.70861111111111	-0.6727777777777777	1025
9211F	Bailo, Puyalto	Huesca	42.51416666666667	-0.8172222222222222	722
9218A	Isaba/Izaba	Navarra	42.862500000000004	-0.9247222222222222	838
9228J	Oroz-Betelu/Orotz-Betelu	Navarra	42.89611111111111	-1.3002777777777779	635
9228T	Roncesvalles/Orreaga	Navarra	43.007777777777775	-1.3255555555555556	947
9238X	Navascués/Nabaskoze	Navarra	42.7175	-1.1172222222222223	612
9244X	Sos Del Rey Católico	Zaragoza	42.490833333333335	-1.2133333333333334	626
9245X	Cáseda	Navarra	42.521388888888886	-1.3663888888888889	440
9252X	Olite/Erriberri	Navarra	42.48916666666667	-1.6555555555555554	390
9257X	Esteribar, Embalse De Eugi	Navarra	42.970555555555556	-1.5169444444444444	615
9262	Pamplona	Navarra	42.81777777777778	-1.6383333333333332	450
9262P	Monreal/Elo	Navarra	42.70138888888889	-1.4955555555555555	585
9263D	Pamplona, Aeropuerto	Navarra	42.776944444444446	-1.65	459
9263X	Aranguren, Ilundain  	Navarra	42.77611111111111	-1.5325	572
9274X	Irurtzun	Navarra	42.91888888888889	-1.8350000000000002	432
9280B	Larraga	Navarra	42.54944444444444	-1.8575000000000002	375
9283X	Cadreita	Navarra	42.206944444444446	-1.7113888888888888	268
9287A	San Pedro Manrique	Soria	42.02638888888889	-2.2308333333333334	1096
9293X	Alfaro, La Plana	La Rioja	42.17611111111111	-1.743888888888889	371
9294E	Bardenas Reales, Base Aérea	Navarra	42.198611111111106	-1.475277777777778	295
9299X	Tarazona	Zaragoza	41.915	-1.7233333333333334	475
9301X	Monteagudo	Navarra	41.95888888888889	-1.6905555555555556	410
9302Y	Tudela	Navarra	42.05555555555555	-1.6094444444444445	297
9321X	Ejea De Los Caballeros	Zaragoza	42.12111111111111	-1.1397222222222223	321
9336D	Castejon De Valdejasa	Zaragoza	41.98416666666667	-0.9958333333333332	543
9344C	Arcos De Jalón	Soria	41.21638888888889	-2.2930555555555556	863
9352A	Almazul	Soria	41.57472222222223	-2.140277777777778	1000
9354X	Alhama De Aragon	Zaragoza	41.293055555555554	-1.8952777777777778	703
9374X	Santa Eulalia Del Campo	Teruel	40.56666666666667	-1.3208333333333333	1000
9377Y	El Pedregal	Guadalajara	40.77861111111111	-1.5683333333333334	1185
9381	Calamocha, Aeródromo	Teruel	40.865	-1.305	932
9381I	Calamocha	Teruel	40.92611111111111	-1.2933333333333332	884
9390	Daroca	Zaragoza	41.114444444444445	-1.41	774
9394X	Calatayud	Zaragoza	41.33111111111111	-1.6452777777777778	582
9427X	La Almunia De Doña Godina	Zaragoza	41.48111111111111	-1.3808333333333334	370
9434	Zaragoza, Aeropuerto	Zaragoza	41.660555555555554	-1.0041666666666667	249
9434P	Zaragoza, Valdespartera	Zaragoza	41.62111111111111	-0.9347222222222222	258
9436X	Fonfría	Teruel	40.99527777777778	-1.0875	1255
9445L	Formigal, Sarrios	Huesca	42.7625	-0.3927777777777778	1800
9451F	Panticosa, Petrosos	Huesca	42.70444444444445	-0.2752777777777778	1850
9453X	Biescas, Embalse De Búbal	Huesca	42.69916666666666	-0.3188888888888889	1100
9460X	Sabiñánigo	Huesca	42.51277777777778	-0.3555555555555555	775
9491X	Almudévar	Huesca	42.029444444444444	-0.5858333333333333	390
9495Y	Leciñena	Zaragoza	41.79666666666667	-0.6172222222222222	405
9501X	Valmadrid 	Zaragoza	41.44305555555555	-0.8858333333333333	535
9510X	Quinto	Zaragoza	41.42916666666667	-0.5038888888888889	205
9513X	Muniesa	Teruel	41.03111111111111	-0.8055555555555556	800
9531Y	Montalbán	Teruel	40.828611111111115	-0.7927777777777778	895
9546B	Hijar	Teruel	41.17194444444444	-0.4419444444444445	305
9550C	Andorra, Horcallana	Teruel	40.974444444444444	-0.4077777777777778	762
9561X	Castellote	Teruel	40.79833333333333	-0.31527777777777777	755
9562X	Morella	Castellon	40.62166666666667	-0.10194444444444445	990
9563X	Castellfort	Castellon	40.49861111111111	-0.18666666666666665	1220
9569A	Calanda	Teruel	40.946666666666665	-0.23777777777777778	466
9573X	Alcañiz	Teruel	41.058055555555555	-0.14166666666666666	334
9574B	Caspe, Plana Del Pilón	Zaragoza	41.2425	-0.06861111111111111	215
9576C	Bujaraloz	Zaragoza	41.5225	-0.17444444444444443	357
9585	La Molina	Girona	42.3325	1.9394444444444445	1699
9590	Martinet  	Lleida	42.36222222222222	1.6933333333333334	1038
9590D	Cap De Rec	Lleida	42.430277777777775	1.6674999999999998	1940
9619	La Seu D'Urgell	Lleida	42.35472222222222	1.4627777777777777	677
9632X	Tuixent	Lleida	42.23027777777778	1.5694444444444444	1196
9638D	Coll De Nargó	Lleida	42.154444444444444	1.3119444444444446	609
9647X	Torà	Lleida	41.80583333333333	1.3955555555555554	435
9650X	Artesa De Segre	Lleida	41.88138888888889	1.1086111111111112	400
9657X	Esterri D'Àneu	Lleida	42.625	1.126111111111111	952
9660	Sant Maurici (Llac)	Lleida	42.58083333333334	1.0075	1907
9677	Port Ainé	Lleida	42.41	1.2147222222222223	2410
9689X	Torre De Cabdella 	Lleida	42.46638888888889	0.9908333333333332	1273
9698U	Talarn	Lleida	42.20472222222222	0.8647222222222222	807
9707	Llimiana	Lleida	42.066944444444445	0.9072222222222223	515
9718X	Tordera - Granyanella	Lleida	41.68111111111111	1.2230555555555558	463
9720X	Tàrrega	Lleida	41.650555555555556	1.1494444444444445	388
9724X	Os De Balaguer	Lleida	41.873333333333335	0.7561111111111111	520
9726E	Llorac	Tarragona	41.55722222222222	1.3094444444444444	657
9729X	Mollerussa	Lleida	41.61694444444444	0.8666666666666667	252
9744B	Vall De Boí	Lleida	42.50333333333333	0.7988888888888889	1089
9751	Sopeira	Huesca	42.31861111111112	0.7469444444444444	760
9756X	Benabarre	Huesca	42.112500000000004	0.48	765
9771	Lleida, Observatorio	Lleida	41.617222222222225	0.6211111111111112	199
9771C	Lleida	Lleida	41.626111111111115	0.5980555555555556	186
9772X	La Pobla De Cérvoles	Lleida	41.36611111111111	0.9136111111111112	673
9775X	El Soleràs	Lleida	41.41361111111111	0.6783333333333333	392
9776D	Els Torms	Lleida	41.39333333333333	0.7341666666666666	488
9784P	Bielsa	Huesca	42.63	0.22472222222222224	992
9808X	Aínsa-Sobrarbe, La Serreta	Huesca	42.42166666666667	0.13805555555555554	610
9812M	Parador De Ordesa, Parque Nacional Ordesa Y Monteperdido	Huesca	42.655277777777776	-0.09916666666666667	1206
9814A	Torla	Huesca	42.626666666666665	-0.11166666666666668	1020
9814I	Torla-Ordesa, El Cebollar	Huesca	42.65611111111111	-0.12444444444444444	1905
9814X	Torla - Ordesa	Huesca	42.6375	-0.11194444444444446	1076
9838B	Benasque	Huesca	42.599444444444444	0.5205555555555557	1120
9839V	Cerler, Cogulla	Huesca	42.555	0.5430555555555555	2374
9843A	Seira	Huesca	42.47694444444445	0.4341666666666667	825
9855E	Capella, Laguarres	Huesca	42.20138888888889	0.46611111111111114	600
9866C	Barbastro	Huesca	42.021388888888886	0.14055555555555554	305
9894Y	Sariñena	Huesca	41.799166666666665	-0.16083333333333333	300
9898	Huesca, Aeropuerto	Huesca	42.08444444444444	-0.32555555555555554	546
9901X	Huesca	Huesca	42.138888888888886	-0.395	463
9908X	Lanaja	Huesca	41.77388888888889	-0.33305555555555555	380
9911X	Ballobar	Huesca	41.61944444444445	0.18777777777777777	178
9918Y	Tamarite De Litera, La Melusa	Huesca	41.780833333333334	0.3769444444444444	218
9924X	Fraga	Huesca	41.52472222222222	0.3555555555555555	170
9935X	Valderrobres	Teruel	40.873333333333335	0.1463888888888889	483
9946X	Horta De Sant Joan	Tarragona	40.95305555555556	0.31166666666666665	495
9947X	La Pobla De Massaluca	Tarragona	41.17722222222222	0.35333333333333333	370
9961X	Cabacés	Tarragona	41.24944444444444	0.7352777777777777	363
9975X	Rasquera	Tarragona	41.005	0.6136111111111111	112
9981A	Estación De Tortosa (Roquetes)	Tarragona	40.82027777777778	0.49333333333333335	50
9987P	Sant Jaume D'Enveja	Tarragona	40.69916666666666	0.81	1
9988B	Cap De Vaquèira	Lleida	42.69194444444444	0.9738888888888889	2467
9990X	Naut Aran, Arties 	Lleida	42.70027777777778	0.8769444444444445	1161
9994X	Bossòst	Lleida	42.77611111111111	0.6897222222222222	722
9995Y	Valcarlos/Luzaide	Navarra	43.09111111111111	-1.3008333333333333	334
9998X	Bello	Teruel	40.921388888888885	-1.4944444444444445	1006
